<?xml version="1.0" encoding="utf-8"?>
<!--/549985/1290525/2.50/4/0/Inductor/-->
<quadcept_library>
  <setting unit="mil" />
  <textstyle name="Default" height="47.244094488189" strokewidth="7.8740157480315" charwidth="47.244094488189" />
  <textstyle name="Dimension" height="19.6850393700787" strokewidth="0" charwidth="19.6850393700787" />
  <textstyle name="H127W0635TH00762" height="50" strokewidth="3" charwidth="25" />
  <textstyle name="H15W15TH02" height="59.0551181102362" strokewidth="7.8740157480315" charwidth="59.0551181102362" />
  <padstyle name="r200_120" surface="True" plated="False" isvia="False" nopaste="False" nomask="True" complex="False" holesize="0">
    <padshape layer="TOP" shape="rectangle" width="47.244094488188" height="78.740157480314" />
    <padshape layer="TOP_SOLDER_MASK" shape="rectangle" width="55.11811023622" height="86.614173228345" />
    <padshape layer="TOP_SOLDER_PASTE" shape="rectangle" width="47.244094488188" height="78.740157480314" />
  </padstyle>
  <footprint name="WE-SL274" originx="0" originy="0" pickpointx="0" pickpointy="0">
    <pcbpin number="1" name="3" style="r200_120" originx="147.63779527559" originy="-52.75590551181" rotation="90" />
    <pcbpin number="2" name="2" style="r200_120" originx="-147.63779527559" originy="-52.75590551181" rotation="90" />
    <pcbpin number="3" name="4" style="r200_120" originx="147.63779527559" originy="49.999999999999" rotation="90" />
    <pcbpin number="4" name="1" style="r200_120" originx="-147.63779527559" originy="49.999999999999" rotation="90" />
    <line layer="TOP_ASSEMBLY" originx="150" originy="-49.999999999999" endx="-150" endy="-49.999999999999" width="4.9999999999999" />
    <line layer="TOP_ASSEMBLY" originx="150" originy="49.999999999999" endx="-150" endy="49.999999999999" width="4.9999999999999" />
    <line layer="TOP_ASSEMBLY" originx="181.10236220472" originy="-118.11023622047" endx="181.10236220472" endy="118.11023622047" width="4.9999999999999" />
    <line layer="TOP_SILKSCREEN" originx="181.10236220472" originy="118.11023622047" endx="-181.10236220472" endy="118.11023622047" width="4.9999999999999" />
    <line layer="TOP_ASSEMBLY" originx="-181.10236220472" originy="118.11023622047" endx="-181.10236220472" endy="-118.11023622047" width="4.9999999999999" />
    <line layer="TOP_SILKSCREEN" originx="-181.10236220472" originy="-118.11023622047" endx="181.10236220472" endy="-118.11023622047" width="4.9999999999999" />
    <line layer="TOP_PLACE_BOUND" originx="-196.85039370078" originy="127.95275590551" endx="196.85039370078" endy="127.95275590551" width="4.9999999999999" />
    <line layer="TOP_PLACE_BOUND" originx="196.85039370078" originy="127.95275590551" endx="196.85039370078" endy="-127.95275590551" width="4.9999999999999" />
    <line layer="TOP_PLACE_BOUND" originx="196.85039370078" originy="-127.95275590551" endx="-196.85039370078" endy="-127.95275590551" width="4.9999999999999" />
    <line layer="TOP_PLACE_BOUND" originx="-196.85039370078" originy="-127.95275590551" endx="-196.85039370078" endy="127.95275590551" width="4.9999999999999" />
  </footprint>
  <symbol name="744227S" originx="0" originy="0">
    <line originx="200" originy="100" endx="600" endy="100" width="0" />
    <line originx="600" originy="-200" endx="600" endy="100" width="0" />
    <line originx="600" originy="-200" endx="200" endy="-200" width="0" />
    <line originx="200" originy="100" endx="200" endy="-200" width="0" />
    <sympin number="1" originx="200" originy="0" rotation="180" length="100" width="7.8740157480315" flipped="False">
      <text name="pinname" originx="230" originy="0" style="Default" rotation="0" justify="left" flipped="False" hidden="False" data="1" />
      <text name="pindes" originx="140" originy="20" style="Default" rotation="0" justify="lowerright" flipped="False" hidden="False" data="1" />
    </sympin>
    <sympin number="2" originx="200" originy="-100" rotation="180" length="100" width="7.8740157480315" flipped="False">
      <text name="pinname" originx="230" originy="-100" style="Default" rotation="0" justify="left" flipped="False" hidden="False" data="3" />
      <text name="pindes" originx="140" originy="-80" style="Default" rotation="0" justify="lowerright" flipped="False" hidden="False" data="2" />
    </sympin>
    <sympin number="3" originx="600" originy="-100" rotation="0" length="100" width="7.8740157480315" flipped="False">
      <text name="pinname" originx="570" originy="-100" style="Default" rotation="0" justify="right" flipped="False" hidden="False" data="4" />
      <text name="pindes" originx="660" originy="-80" style="Default" rotation="0" justify="lowerleft" flipped="False" hidden="False" data="3" />
    </sympin>
    <sympin number="4" originx="600" originy="0" rotation="0" length="100" width="7.8740157480315" flipped="False">
      <text name="pinname" originx="570" originy="0" style="Default" rotation="0" justify="right" flipped="False" hidden="False" data="2" />
      <text name="pindes" originx="660" originy="20" style="Default" rotation="0" justify="lowerleft" flipped="False" hidden="False" data="4" />
    </sympin>
  </symbol>
  <component name="744227S" designatorprefix="L" height="0" footprint="WE-SL274">
    <comppin designator="1" sympin="1" pinswap="0" gateswap="0" gate="1" group="1" side="" type="Any" name="1" />
    <comppin designator="2" sympin="2" pinswap="0" gateswap="0" gate="1" group="1" side="" type="Any" name="3" />
    <comppin designator="3" sympin="3" pinswap="0" gateswap="0" gate="1" group="1" side="" type="Any" name="4" />
    <comppin designator="4" sympin="4" pinswap="0" gateswap="0" gate="1" group="1" side="" type="Any" name="2" />
    <attached_symbol gate="1" name="744227S" />
    <pinmap designator="1" footprintpin="1" />
    <pinmap designator="2" footprintpin="2" />
    <pinmap designator="3" footprintpin="3" />
    <pinmap designator="4" footprintpin="4" />
    <text name="Datasheet" originx="0" originy="0" style="Default" rotation="0" justify="" flipped="False" hidden="True" data="http://componentsearchengine.com/Datasheets/1/744227S.pdf" />
    <text name="Description" originx="0" originy="0" style="Default" rotation="0" justify="" flipped="False" hidden="True" data="SMD Common-Mode Line Filter WE-SL2" />
    <text name="Manufacturer_Name" originx="0" originy="0" style="Default" rotation="0" justify="" flipped="False" hidden="True" data="Wurth Elektronik" />
    <text name="Manufacturer_Part_Number" originx="650" originy="200" style="Default" rotation="0" justify="left" flipped="False" hidden="False" data="744227S" />
    <text name="Mouser Part Number" originx="0" originy="0" style="Default" rotation="0" justify="" flipped="False" hidden="True" data="710-744227S" />
    <text name="Mouser Price/Stock" originx="0" originy="0" style="Default" rotation="0" justify="" flipped="False" hidden="True" data="https://www.mouser.co.uk/ProductDetail/Wurth-Elektronik/744227S?qs=PGXP4M47uW6UzRbcLRn7mw%3D%3D" />
    <text name="Arrow Part Number" originx="0" originy="0" style="Default" rotation="0" justify="" flipped="False" hidden="True" data="" />
    <text name="Arrow Price/Stock" originx="0" originy="0" style="Default" rotation="0" justify="" flipped="False" hidden="True" data="" />
  </component>
</quadcept_library>
